DROP TABLE customer;
DROP TABLE place;
DROP TABLE reservation;
DROP TABLE reservation_item;
DROP TABLE rute;
DROP TABLE seat;
DROP TABLE transportation;
DROP TABLE transportation_type;
DROP TABLE user;


CREATE TABLE `customer` (
  `kd_customer` varchar(6) NOT NULL,
  `nm_customer` varchar(40) NOT NULL DEFAULT 'Name',
  `username` varchar(30) NOT NULL,
  `password` varchar(60) NOT NULL,
  `email` varchar(80) NOT NULL,
  `alamat` text,
  `telp` varchar(13) DEFAULT NULL,
  `jk` enum('P','L') DEFAULT 'P',
  `gift` int(7) NOT NULL,
  PRIMARY KEY (`kd_customer`)
) ENGINE=InnoDB DEFAULT CHARSET=latin1;

INSERT INTO customer VALUES("C00001","Jeon Jungkook","kookie","$2y$10$lw1fr5Vs0wBTEYRNNAMUwejQzPRiYbE/TNtxyF1UfcqlgT.1gvgKq","jeonbangtan97@gmail.com","Jl. Sompok Lama","089678964732","L","20000");
INSERT INTO customer VALUES("C00002","Mutiara Hardiani Mahe","mutiara","$2y$10$jSgBw2I6NnrpcnbXZ1H/aujZrh45GjvzFfMfP6Y.whNCrwxo0j4Za","mutiaramahee17@gmail.com","Jl. Peterongan Kobong No. 40","089678964739","P","5000");
INSERT INTO customer VALUES("C00003","Netty Supardiyanti","netty","$2y$10$cmBvd4hiRjpozTsFMx6DDubfXZeCQRqKcdaTbhDYi7UKOzlhYQdkK","netty02@gmail.com","Jl. Peterongan Kobong No. 40","085640775769","P","0");
INSERT INTO customer VALUES("C00004","Rhizky Ardiyanti","rhizky","$2y$10$na4iCaQ8tl8vIYp1Fr3nNO.hgB1OY3fNQik0.JdkXWAM1kHMENd6O","rhizky26@gmail.com","Jl. Jalan No. 26","0896666787888","P","0");
INSERT INTO customer VALUES("C00005","Kim Taehyung","taetae","$2y$10$vuviJ4jsevTmZzWdgstH2Of.Dt28LXZmAHDUgjG4GM4XIH5qBBzxW","tae95euphoria@gmail.com","Jl. Daegu","089678964739","L","5000");
INSERT INTO customer VALUES("C00006","kook","kook","$2y$10$4bTL04n/r1ROUWBOukoWYe2T8HZB/.QTJK.llkHTwPmEbihOGrNuu","kook1@email.im","null","null","","0");





CREATE TABLE `place` (
  `kd_place` varchar(3) NOT NULL,
  `nm_place` varchar(30) NOT NULL,
  `jenis` enum('Stasiun','Bandara') NOT NULL,
  `kota` varchar(30) NOT NULL,
  `alamat` text NOT NULL,
  PRIMARY KEY (`kd_place`)
) ENGINE=InnoDB DEFAULT CHARSET=latin1;

INSERT INTO place VALUES("AS","Adisutjipto","Bandara","Yogyakarta","Jl. Raya Solo KM. 9, Maguwoharjo");
INSERT INTO place VALUES("AY","Ahmad Yani","Bandara","Semarang","Jl. Ahmad Yani");
INSERT INTO place VALUES("BS","Bandung Station","Stasiun","Bandung","Jl. Stasiun Barat");
INSERT INTO place VALUES("GB","Gambir","Stasiun","Jakarta","Jl. Medan Merdeka Timur No. 1");
INSERT INTO place VALUES("HS","Husein Sastranegara","Bandara","Bandung","Jl. Pajajaran No. 156, Husen Sastranegara, Cicendo");
INSERT INTO place VALUES("JU","Juanda","Bandara","Surabaya","Jl. Ir. Juanda No.1 Sedati Sidoarjo");
INSERT INTO place VALUES("KC","Kiaracondong","Stasiun","Bandung","Jl. Jembatan Opat");
INSERT INTO place VALUES("KL","Kota Lama","Stasiun","Malang","Ciptomulyo, Sukun");
INSERT INTO place VALUES("PNC","Poncol","Stasiun","Semarang","");
INSERT INTO place VALUES("SH","Soekarno-Hatta","Bandara","Jakarta","Jl. Pajang, Tangerang");
INSERT INTO place VALUES("ST","Sentani","Bandara","Jayapura","Sentani, Jayapura, Papua 99359");
INSERT INTO place VALUES("TW","Tawang","Stasiun","Semarang","Jl. Taman Tawang No. 1");





CREATE TABLE `reservation` (
  `kd_reservation` varchar(6) NOT NULL,
  `tgl_reservasi` date NOT NULL,
  `tgl_berangkat` date NOT NULL,
  `kd_customer` varchar(6) NOT NULL,
  `kd_rute` varchar(6) NOT NULL,
  `jml_ticket` int(2) NOT NULL,
  `total_price` int(7) NOT NULL,
  `kd_user` varchar(6) NOT NULL,
  `pembayaran` enum('BCA','BRI','Mandiri','Indomaret','Alfamart') NOT NULL,
  `kd_pembayaran` varchar(6) NOT NULL,
  `status_pembayaran` enum('Y','P','N') NOT NULL DEFAULT 'N',
  PRIMARY KEY (`kd_reservation`),
  KEY `kd_customer` (`kd_customer`),
  KEY `kd_rute` (`kd_rute`),
  KEY `kd_user` (`kd_user`),
  CONSTRAINT `reservation_ibfk_1` FOREIGN KEY (`kd_user`) REFERENCES `user` (`kd_user`) ON DELETE CASCADE ON UPDATE CASCADE,
  CONSTRAINT `reservation_ibfk_2` FOREIGN KEY (`kd_customer`) REFERENCES `customer` (`kd_customer`) ON DELETE CASCADE ON UPDATE CASCADE,
  CONSTRAINT `reservation_ibfk_3` FOREIGN KEY (`kd_rute`) REFERENCES `rute` (`kd_rute`) ON DELETE CASCADE ON UPDATE CASCADE
) ENGINE=InnoDB DEFAULT CHARSET=latin1;

INSERT INTO reservation VALUES("RS0001","2018-04-16","2018-04-27","C00001","RT0002","1","85000","U00001","Alfamart","2FG56","N");
INSERT INTO reservation VALUES("RS0002","2018-04-16","2018-04-27","C00001","RT0002","2","180000","U00001","Indomaret","ssu857","N");
INSERT INTO reservation VALUES("RS0010","2018-04-17","2018-04-27","C00001","RT0002","2","180000","U00001","Indomaret","sal265","N");
INSERT INTO reservation VALUES("RS0011","2018-04-17","2018-04-26","C00001","RT0003","3","263500","U00001","BCA","","N");
INSERT INTO reservation VALUES("RS0012","2018-04-17","2018-04-30","C00002","RT0002","3","265000","U00001","Indomaret","da576","N");
INSERT INTO reservation VALUES("RS0013","2018-04-17","2018-04-30","C00001","RT0003","2","159000","U00001","Indomaret","aa345","Y");
INSERT INTO reservation VALUES("RS0014","2018-04-18","2018-04-22","C00001","RT0003","2","154000","U00001","BRI","","P");
INSERT INTO reservation VALUES("RS0015","2018-04-18","2018-04-22","C00005","RT0002","1","95000","U00001","Alfamart","rl459","N");
INSERT INTO reservation VALUES("RS0017","2018-04-18","2018-04-25","C00002","RT0003","1","94500","U00001","Mandiri","","Y");
INSERT INTO reservation VALUES("RS0018","2018-04-18","2018-04-25","C00002","RT0003","2","169000","U00001","BRI","","Y");
INSERT INTO reservation VALUES("RS0019","2018-04-18","2018-04-27","C00002","RT0003","1","89500","U00001","Mandiri","","P");
INSERT INTO reservation VALUES("RS0020","2018-04-18","2018-04-27","C00002","RT0020","1","51000","U00001","Indomaret","ua734","N");
INSERT INTO reservation VALUES("RS0021","2018-04-18","2018-04-26","C00002","RT0060","2","2400000","U00001","BCA","","N");
INSERT INTO reservation VALUES("RS0022","2018-04-18","2018-04-26","C00002","RT0024","3","220000","U00001","BCA","","N");
INSERT INTO reservation VALUES("RS0023","2018-04-19","2018-04-20","C00002","RT0011","1","90000","U00001","Indomaret","li223","N");





CREATE TABLE `reservation_item` (
  `id` int(3) NOT NULL AUTO_INCREMENT,
  `kd_reservation` varchar(6) NOT NULL,
  `nm_penumpang` varchar(100) NOT NULL,
  `jenis_id` enum('KTP','Paspor','Lainnya') NOT NULL,
  `no_id` int(20) NOT NULL,
  `id_seat` int(3) NOT NULL,
  `jml` int(2) NOT NULL,
  `price` int(7) NOT NULL,
  PRIMARY KEY (`id`),
  KEY `id_seat` (`id_seat`),
  KEY `kd_reservation` (`kd_reservation`),
  CONSTRAINT `reservation_item_ibfk_1` FOREIGN KEY (`id_seat`) REFERENCES `seat` (`id`) ON DELETE CASCADE ON UPDATE CASCADE,
  CONSTRAINT `reservation_item_ibfk_2` FOREIGN KEY (`kd_reservation`) REFERENCES `reservation` (`kd_reservation`) ON DELETE CASCADE ON UPDATE CASCADE
) ENGINE=InnoDB AUTO_INCREMENT=46 DEFAULT CHARSET=latin1;

INSERT INTO reservation_item VALUES("1","RS0001","Jungkook","KTP","2147483647","5","1","85000");
INSERT INTO reservation_item VALUES("2","RS0002","Mutiara","KTP","2147483647","8","1","85000");
INSERT INTO reservation_item VALUES("3","RS0002","Nandha","Lainnya","160610","24","1","85000");
INSERT INTO reservation_item VALUES("19","RS0010","Mutiara Hardiani","KTP","2147483647","13","1","85000");
INSERT INTO reservation_item VALUES("20","RS0010","Nandha","KTP","2147483647","15","1","85000");
INSERT INTO reservation_item VALUES("21","RS0011","Kim","KTP","2147483647","39","1","84500");
INSERT INTO reservation_item VALUES("22","RS0011","Jungkook","KTP","2147483647","40","1","84500");
INSERT INTO reservation_item VALUES("23","RS0011","Cimi","KTP","2147483647","41","1","84500");
INSERT INTO reservation_item VALUES("24","RS0012","Vira","","3","21","1","85000");
INSERT INTO reservation_item VALUES("25","RS0012","Nayla","","6","22","1","85000");
INSERT INTO reservation_item VALUES("26","RS0012","Bibi","","8","23","1","85000");
INSERT INTO reservation_item VALUES("27","RS0013","Mutiara","KTP","2147483647","39","1","84500");
INSERT INTO reservation_item VALUES("28","RS0013","Taehyung","KTP","876577768","40","1","84500");
INSERT INTO reservation_item VALUES("29","RS0014","Namjoon","KTP","2147483647","35","1","84500");
INSERT INTO reservation_item VALUES("30","RS0014","Seokjin","Lainnya","121292","36","1","84500");
INSERT INTO reservation_item VALUES("35","RS0017","Kim Taehyung","Paspor","2147483647","1","1","84500");
INSERT INTO reservation_item VALUES("36","RS0018","Namjoon","KTP","2147483647","3","1","84500");
INSERT INTO reservation_item VALUES("37","RS0018","Hoseok","Paspor","2147483647","4","1","84500");
INSERT INTO reservation_item VALUES("38","RS0019","Mutiara Hardiani","KTP","2147483647","11","1","84500");
INSERT INTO reservation_item VALUES("39","RS0020","Mutiara Hardiani","KTP","2147483647","10","1","41000");
INSERT INTO reservation_item VALUES("40","RS0021","Namjoon","KTP","2147483647","37","1","1200000");
INSERT INTO reservation_item VALUES("42","RS0022","Mutiara Hardiani","KTP","2147483647","34","1","70000");
INSERT INTO reservation_item VALUES("43","RS0022","Jungkook","KTP","2147483647","35","1","70000");
INSERT INTO reservation_item VALUES("44","RS0022","Cimi","KTP","2147483647","36","1","70000");
INSERT INTO reservation_item VALUES("45","RS0023","Kim","KTP","2147483647","5","1","90000");





CREATE TABLE `rute` (
  `kd_rute` varchar(6) NOT NULL,
  `depart_at` time NOT NULL,
  `rute_from` varchar(6) NOT NULL,
  `rute_to` varchar(6) NOT NULL,
  `price` int(7) NOT NULL,
  `kd_transportation` varchar(6) NOT NULL,
  PRIMARY KEY (`kd_rute`),
  KEY `rute_from` (`rute_from`),
  KEY `rute_to` (`rute_to`),
  KEY `kd_transportation` (`kd_transportation`),
  CONSTRAINT `rute_ibfk_1` FOREIGN KEY (`rute_from`) REFERENCES `place` (`kd_place`) ON DELETE CASCADE ON UPDATE CASCADE,
  CONSTRAINT `rute_ibfk_2` FOREIGN KEY (`rute_to`) REFERENCES `place` (`kd_place`) ON DELETE CASCADE ON UPDATE CASCADE,
  CONSTRAINT `rute_ibfk_3` FOREIGN KEY (`kd_transportation`) REFERENCES `transportation` (`kd_transportation`) ON DELETE CASCADE ON UPDATE CASCADE
) ENGINE=InnoDB DEFAULT CHARSET=latin1;

INSERT INTO rute VALUES("RT0001","10:00:00","GB","TW","84000","BTSM01");
INSERT INTO rute VALUES("RT0002","12:30:00","PNC","GB","85000","ETAR02");
INSERT INTO rute VALUES("RT0003","20:00:00","PNC","GB","84500","ETSJ01");
INSERT INTO rute VALUES("RT0004","17:45:00","SH","AS","345000","BPGA01");
INSERT INTO rute VALUES("RT0005","19:00:00","AY","ST","565000","BPGA01");
INSERT INTO rute VALUES("RT0006","13:25:00","AY","ST","460000","BPLA01");
INSERT INTO rute VALUES("RT0007","09:00:00","AS","ST","565000","ENNA01");
INSERT INTO rute VALUES("RT0008","18:00:00","ST","AY","455000","BPLA01");
INSERT INTO rute VALUES("RT0009","17:20:00","ST","AY","450000","BPGA01");
INSERT INTO rute VALUES("RT0010","07:45:00","GB","TW","90000","ETSJ01");
INSERT INTO rute VALUES("RT0011","21:00:00","KL","PNC","90000","BTSM01");
INSERT INTO rute VALUES("RT0012","18:30:00","KL","PNC","95000","BTAB01");
INSERT INTO rute VALUES("RT0013","12:00:00","PNC","TW","25000","ETAS01");
INSERT INTO rute VALUES("RT0014","17:00:00","PNC","TW","23000","ETSJ01");
INSERT INTO rute VALUES("RT0015","14:25:00","AY","HS","367000","ENNA01");
INSERT INTO rute VALUES("RT0016","13:45:00","AY","HS","320000","BPLA01");
INSERT INTO rute VALUES("RT0017","20:00:00","KC","BS","34000","BTSM01");
INSERT INTO rute VALUES("RT0018","12:43:00","KC","BS","43000","BTAB01");
INSERT INTO rute VALUES("RT0019","13:46:00","BS","KC","56000","ETAR02");
INSERT INTO rute VALUES("RT0020","12:55:00","BS","KC","41000","ETSJ01");
INSERT INTO rute VALUES("RT0021","13:43:00","KC","KL","78000","BTAB01");
INSERT INTO rute VALUES("RT0022","12:55:00","KC","KL","60000","BTSM01");
INSERT INTO rute VALUES("RT0023","19:00:00","KL","KC","86000","BTAB01");
INSERT INTO rute VALUES("RT0024","13:20:00","KL","KC","70000","ETSJ01");
INSERT INTO rute VALUES("RT0025","14:30:00","JU","HS","300000","BPLA01");
INSERT INTO rute VALUES("RT0026","18:00:00","HS","AS","200000","EPLA01");
INSERT INTO rute VALUES("RT0027","12:34:00","HS","JU","90000","ENNA01");
INSERT INTO rute VALUES("RT0028","15:00:00","JU","AY","200000","BPLA01");
INSERT INTO rute VALUES("RT0029","18:00:00","PNC","KC","90000","BTSM01");
INSERT INTO rute VALUES("RT0030","16:00:00","BS","GB","82000","BTAM01");
INSERT INTO rute VALUES("RT0031","13:00:00","BS","KL","64000","BTSM01");
INSERT INTO rute VALUES("RT0032","17:00:00","BS","PNC","56000","BTAM01");
INSERT INTO rute VALUES("RT0033","12:33:00","BS","TW","79000","ETAR02");
INSERT INTO rute VALUES("RT0034","18:00:00","GB","BS","200000","BTAB01");
INSERT INTO rute VALUES("RT0035","17:45:00","GB","KC","56000","BTAM01");
INSERT INTO rute VALUES("RT0036","07:45:00","GB","KL","90000","BTSM01");
INSERT INTO rute VALUES("RT0037","16:34:00","GB","PNC","97000","ETAR02");
INSERT INTO rute VALUES("RT0038","13:30:00","GB","TW","88000","BTAB01");
INSERT INTO rute VALUES("RT0039","18:30:00","KC","GB","120000","BTSM01");
INSERT INTO rute VALUES("RT0040","17:43:00","KC","KL","90000","BTAM01");
INSERT INTO rute VALUES("RT0041","13:12:00","KC","PNC","95000","ETSJ01");
INSERT INTO rute VALUES("RT0042","14:50:00","KC","TW","84500","ETAR02");
INSERT INTO rute VALUES("RT0043","12:00:00","KL","BS","90000","BTSM01");
INSERT INTO rute VALUES("RT0044","12:45:00","KL","GB","90000","BTAM01");
INSERT INTO rute VALUES("RT0045","12:45:00","KL","KC","87000","ETAS01");
INSERT INTO rute VALUES("RT0046","14:54:00","KL","PNC","90000","BTAM01");
INSERT INTO rute VALUES("RT0047","18:17:00","KL","PNC","87000","BTSM01");
INSERT INTO rute VALUES("RT0048","18:23:00","KL","TW","80000","BTAM01");
INSERT INTO rute VALUES("RT0049","14:40:00","PNC","BS","90000","BTAB01");
INSERT INTO rute VALUES("RT0050","17:30:00","PNC","KC","70000","ETAS01");
INSERT INTO rute VALUES("RT0051","20:30:00","PNC","KL","123000","BTAM01");
INSERT INTO rute VALUES("RT0052","15:45:00","TW","BS","199000","ETAR02");
INSERT INTO rute VALUES("RT0053","21:00:00","TW","BS","90000","ETSJ01");
INSERT INTO rute VALUES("RT0054","12:00:00","TW","BS","320000","BTAB01");
INSERT INTO rute VALUES("RT0055","06:00:00","TW","GB","300000","ETAR02");
INSERT INTO rute VALUES("RT0056","07:00:00","TW","KC","800000","ETAR02");
INSERT INTO rute VALUES("RT0057","09:00:00","TW","KL","900000","BTSM01");
INSERT INTO rute VALUES("RT0058","20:00:00","TW","PNC","700000","BTSM01");
INSERT INTO rute VALUES("RT0059","23:00:00","ST","AS","650000","EPLA01");
INSERT INTO rute VALUES("RT0060","21:00:00","ST","AY","1200000","ENNA01");
INSERT INTO rute VALUES("RT0061","18:00:00","ST","HS","230000","BPLA01");
INSERT INTO rute VALUES("RT0062","17:00:00","ST","JU","321000","ENNA01");
INSERT INTO rute VALUES("RT0063","16:00:00","ST","SH","789000","EPLA01");
INSERT INTO rute VALUES("RT0064","21:00:00","SH","AS","321000","BPGA01");
INSERT INTO rute VALUES("RT0065","18:05:00","SH","AY","678000","EPLA01");
INSERT INTO rute VALUES("RT0066","10:00:00","SH","HS","456200","ENNA01");
INSERT INTO rute VALUES("RT0067","19:20:00","SH","JU","123900","ENNA01");
INSERT INTO rute VALUES("RT0068","21:00:00","SH","ST","76540","EPLA01");





CREATE TABLE `seat` (
  `id` int(3) NOT NULL AUTO_INCREMENT,
  `kd_seat` varchar(5) NOT NULL,
  `kd_transportation` varchar(6) NOT NULL,
  PRIMARY KEY (`id`),
  KEY `kd_transportation` (`kd_transportation`),
  CONSTRAINT `seat_ibfk_1` FOREIGN KEY (`kd_transportation`) REFERENCES `transportation` (`kd_transportation`) ON DELETE CASCADE ON UPDATE CASCADE
) ENGINE=InnoDB AUTO_INCREMENT=604 DEFAULT CHARSET=latin1;

INSERT INTO seat VALUES("1","A01G1","ETSJ01");
INSERT INTO seat VALUES("2","A02G1","ETSJ01");
INSERT INTO seat VALUES("3","A03G1","ETSJ01");
INSERT INTO seat VALUES("4","A04G1","ETSJ01");
INSERT INTO seat VALUES("5","A05G1","ETSJ01");
INSERT INTO seat VALUES("8","A06G1","ETSJ01");
INSERT INTO seat VALUES("10","A07G1","ETSJ01");
INSERT INTO seat VALUES("11","A08G1","ETSJ01");
INSERT INTO seat VALUES("12","A09G1","ETSJ01");
INSERT INTO seat VALUES("13","A10G1","ETSJ01");
INSERT INTO seat VALUES("14","A11G1","ETSJ01");
INSERT INTO seat VALUES("15","A12G1","ETSJ01");
INSERT INTO seat VALUES("16","A13G1","ETSJ01");
INSERT INTO seat VALUES("17","A14G1","ETSJ01");
INSERT INTO seat VALUES("18","A15G1","ETSJ01");
INSERT INTO seat VALUES("19","B01G1","ETSJ01");
INSERT INTO seat VALUES("20","B02G1","ETSJ01");
INSERT INTO seat VALUES("21","B03G1","ETSJ01");
INSERT INTO seat VALUES("22","B04G1","ETSJ01");
INSERT INTO seat VALUES("23","B05G1","ETSJ01");
INSERT INTO seat VALUES("24","B06G1","ETSJ01");
INSERT INTO seat VALUES("25","B07G1","ETSJ01");
INSERT INTO seat VALUES("26","B08G1","ETSJ01");
INSERT INTO seat VALUES("27","B09G1","ETSJ01");
INSERT INTO seat VALUES("28","B10G1","ETSJ01");
INSERT INTO seat VALUES("29","B11G1","ETSJ01");
INSERT INTO seat VALUES("30","B12G1","ETSJ01");
INSERT INTO seat VALUES("31","B13G1","ETSJ01");
INSERT INTO seat VALUES("32","B14G1","ETSJ01");
INSERT INTO seat VALUES("33","B15G1","ETSJ01");
INSERT INTO seat VALUES("34","C01G1","ETSJ01");
INSERT INTO seat VALUES("35","C02G1","ETSJ01");
INSERT INTO seat VALUES("36","C03G1","ETSJ01");
INSERT INTO seat VALUES("37","C04G1","ETSJ01");
INSERT INTO seat VALUES("38","C05G1","ETSJ01");
INSERT INTO seat VALUES("39","C06G1","ETSJ01");
INSERT INTO seat VALUES("40","C07G1","ETSJ01");
INSERT INTO seat VALUES("41","C08G1","ETSJ01");
INSERT INTO seat VALUES("42","C09G1","ETSJ01");
INSERT INTO seat VALUES("43","C10G1","ETSJ01");
INSERT INTO seat VALUES("44","C11G1","ETSJ01");
INSERT INTO seat VALUES("45","C12G1","ETSJ01");
INSERT INTO seat VALUES("46","C13G1","ETSJ01");
INSERT INTO seat VALUES("47","C14G1","ETSJ01");
INSERT INTO seat VALUES("48","C15G1","ETSJ01");
INSERT INTO seat VALUES("49","D01G1","ETSJ01");
INSERT INTO seat VALUES("50","D02G1","ETSJ01");
INSERT INTO seat VALUES("51","D03G1","ETSJ01");
INSERT INTO seat VALUES("52","D04G1","ETSJ01");
INSERT INTO seat VALUES("53","D05G1","ETSJ01");
INSERT INTO seat VALUES("54","D06G1","ETSJ01");
INSERT INTO seat VALUES("55","D07G1","ETSJ01");
INSERT INTO seat VALUES("56","D08G1","ETSJ01");
INSERT INTO seat VALUES("57","D09G1","ETSJ01");
INSERT INTO seat VALUES("58","D10G1","ETSJ01");
INSERT INTO seat VALUES("59","D11G1","ETSJ01");
INSERT INTO seat VALUES("60","D12G1","ETSJ01");
INSERT INTO seat VALUES("61","D13G1","ETSJ01");
INSERT INTO seat VALUES("62","D14G1","ETSJ01");
INSERT INTO seat VALUES("63","D15G1","ETSJ01");
INSERT INTO seat VALUES("64","A01G1","ETAR02");
INSERT INTO seat VALUES("65","A02G1","ETAR02");
INSERT INTO seat VALUES("66","A03G1","ETAR02");
INSERT INTO seat VALUES("67","A04G1","ETAR02");
INSERT INTO seat VALUES("68","A05G1","ETAR02");
INSERT INTO seat VALUES("69","A06G1","ETAR02");
INSERT INTO seat VALUES("70","A07G1","ETAR02");
INSERT INTO seat VALUES("71","A08G1","ETAR02");
INSERT INTO seat VALUES("72","A09G1","ETAR02");
INSERT INTO seat VALUES("73","A10G1","ETAR02");
INSERT INTO seat VALUES("74","A11G1","ETAR02");
INSERT INTO seat VALUES("75","A12G1","ETAR02");
INSERT INTO seat VALUES("76","A13G1","ETAR02");
INSERT INTO seat VALUES("77","A14G1","ETAR02");
INSERT INTO seat VALUES("78","A15G1","ETAR02");
INSERT INTO seat VALUES("79","B01G1","ETAR02");
INSERT INTO seat VALUES("80","B02G1","ETAR02");
INSERT INTO seat VALUES("81","B03G1","ETAR02");
INSERT INTO seat VALUES("82","B04G1","ETAR02");
INSERT INTO seat VALUES("83","B05G1","ETAR02");
INSERT INTO seat VALUES("84","B06G1","ETAR02");
INSERT INTO seat VALUES("85","B07G1","ETAR02");
INSERT INTO seat VALUES("86","B08G1","ETAR02");
INSERT INTO seat VALUES("87","B09G1","ETAR02");
INSERT INTO seat VALUES("88","B10G1","ETAR02");
INSERT INTO seat VALUES("89","B11G1","ETAR02");
INSERT INTO seat VALUES("90","B12G1","ETAR02");
INSERT INTO seat VALUES("91","B13G1","ETAR02");
INSERT INTO seat VALUES("92","B14G1","ETAR02");
INSERT INTO seat VALUES("93","B15G1","ETAR02");
INSERT INTO seat VALUES("94","C01G1","ETAR02");
INSERT INTO seat VALUES("95","C02G1","ETAR02");
INSERT INTO seat VALUES("96","C03G1","ETAR02");
INSERT INTO seat VALUES("97","C04G1","ETAR02");
INSERT INTO seat VALUES("98","C05G1","ETAR02");
INSERT INTO seat VALUES("99","C06G1","ETAR02");
INSERT INTO seat VALUES("100","C07G1","ETAR02");
INSERT INTO seat VALUES("101","C08G1","ETAR02");
INSERT INTO seat VALUES("102","C09G1","ETAR02");
INSERT INTO seat VALUES("103","C10G1","ETAR02");
INSERT INTO seat VALUES("104","C11G1","ETAR02");
INSERT INTO seat VALUES("105","C12G1","ETAR02");
INSERT INTO seat VALUES("106","C13G1","ETAR02");
INSERT INTO seat VALUES("107","C14G1","ETAR02");
INSERT INTO seat VALUES("108","C15G1","ETAR02");
INSERT INTO seat VALUES("109","D01G1","ETAR02");
INSERT INTO seat VALUES("110","D02G1","ETAR02");
INSERT INTO seat VALUES("111","D03G1","ETAR02");
INSERT INTO seat VALUES("112","D04G1","ETAR02");
INSERT INTO seat VALUES("113","D05G1","ETAR02");
INSERT INTO seat VALUES("114","D06G1","ETAR02");
INSERT INTO seat VALUES("115","D07G1","ETAR02");
INSERT INTO seat VALUES("116","D08G1","ETAR02");
INSERT INTO seat VALUES("117","D09G1","ETAR02");
INSERT INTO seat VALUES("118","D10G1","ETAR02");
INSERT INTO seat VALUES("119","D11G1","ETAR02");
INSERT INTO seat VALUES("120","D12G1","ETAR02");
INSERT INTO seat VALUES("121","D13G1","ETAR02");
INSERT INTO seat VALUES("122","D14G1","ETAR02");
INSERT INTO seat VALUES("123","D15G1","ETAR02");
INSERT INTO seat VALUES("124","A01G1","BPGA01");
INSERT INTO seat VALUES("125","A02G1","BPGA01");
INSERT INTO seat VALUES("126","A03G1","BPGA01");
INSERT INTO seat VALUES("127","A04G1","BPGA01");
INSERT INTO seat VALUES("128","A05G1","BPGA01");
INSERT INTO seat VALUES("129","A06G1","BPGA01");
INSERT INTO seat VALUES("130","A07G1","BPGA01");
INSERT INTO seat VALUES("131","A08G1","BPGA01");
INSERT INTO seat VALUES("132","A09G1","BPGA01");
INSERT INTO seat VALUES("133","A10G1","BPGA01");
INSERT INTO seat VALUES("134","A11G1","BPGA01");
INSERT INTO seat VALUES("135","A12G1","BPGA01");
INSERT INTO seat VALUES("136","A13G1","BPGA01");
INSERT INTO seat VALUES("137","A14G1","BPGA01");
INSERT INTO seat VALUES("138","A15G1","BPGA01");
INSERT INTO seat VALUES("139","B01G1","BPGA01");
INSERT INTO seat VALUES("140","B02G1","BPGA01");
INSERT INTO seat VALUES("141","B03G1","BPGA01");
INSERT INTO seat VALUES("142","B04G1","BPGA01");
INSERT INTO seat VALUES("143","B05G1","BPGA01");
INSERT INTO seat VALUES("144","B06G1","BPGA01");
INSERT INTO seat VALUES("145","B07G1","BPGA01");
INSERT INTO seat VALUES("146","B08G1","BPGA01");
INSERT INTO seat VALUES("147","B09G1","BPGA01");
INSERT INTO seat VALUES("148","B10G1","BPGA01");
INSERT INTO seat VALUES("149","B11G1","BPGA01");
INSERT INTO seat VALUES("150","B12G1","BPGA01");
INSERT INTO seat VALUES("151","B13G1","BPGA01");
INSERT INTO seat VALUES("152","B14G1","BPGA01");
INSERT INTO seat VALUES("153","B15G1","BPGA01");
INSERT INTO seat VALUES("154","C01G1","BPGA01");
INSERT INTO seat VALUES("155","C02G1","BPGA01");
INSERT INTO seat VALUES("156","C03G1","BPGA01");
INSERT INTO seat VALUES("157","C04G1","BPGA01");
INSERT INTO seat VALUES("158","C05G1","BPGA01");
INSERT INTO seat VALUES("159","C06G1","BPGA01");
INSERT INTO seat VALUES("160","C07G1","BPGA01");
INSERT INTO seat VALUES("161","C08G1","BPGA01");
INSERT INTO seat VALUES("162","C09G1","BPGA01");
INSERT INTO seat VALUES("163","C10G1","BPGA01");
INSERT INTO seat VALUES("164","C11G1","BPGA01");
INSERT INTO seat VALUES("165","C12G1","BPGA01");
INSERT INTO seat VALUES("166","C13G1","BPGA01");
INSERT INTO seat VALUES("167","C14G1","BPGA01");
INSERT INTO seat VALUES("168","C15G1","BPGA01");
INSERT INTO seat VALUES("169","D01G1","BPGA01");
INSERT INTO seat VALUES("170","D02G1","BPGA01");
INSERT INTO seat VALUES("171","D03G1","BPGA01");
INSERT INTO seat VALUES("172","D04G1","BPGA01");
INSERT INTO seat VALUES("173","D05G1","BPGA01");
INSERT INTO seat VALUES("174","D06G1","BPGA01");
INSERT INTO seat VALUES("175","D07G1","BPGA01");
INSERT INTO seat VALUES("176","D08G1","BPGA01");
INSERT INTO seat VALUES("177","D09G1","BPGA01");
INSERT INTO seat VALUES("178","D10G1","BPGA01");
INSERT INTO seat VALUES("179","D11G1","BPGA01");
INSERT INTO seat VALUES("180","D12G1","BPGA01");
INSERT INTO seat VALUES("181","D13G1","BPGA01");
INSERT INTO seat VALUES("182","D14G1","BPGA01");
INSERT INTO seat VALUES("183","D15G1","BPGA01");
INSERT INTO seat VALUES("184","A01G1","BPLA01");
INSERT INTO seat VALUES("185","A02G1","BPLA01");
INSERT INTO seat VALUES("186","A03G1","BPLA01");
INSERT INTO seat VALUES("187","A04G1","BPLA01");
INSERT INTO seat VALUES("188","A05G1","BPLA01");
INSERT INTO seat VALUES("189","A06G1","BPLA01");
INSERT INTO seat VALUES("190","A07G1","BPLA01");
INSERT INTO seat VALUES("191","A08G1","BPLA01");
INSERT INTO seat VALUES("192","A09G1","BPLA01");
INSERT INTO seat VALUES("193","A10G1","BPLA01");
INSERT INTO seat VALUES("194","A11G1","BPLA01");
INSERT INTO seat VALUES("195","A12G1","BPLA01");
INSERT INTO seat VALUES("196","A13G1","BPLA01");
INSERT INTO seat VALUES("197","A14G1","BPLA01");
INSERT INTO seat VALUES("198","A15G1","BPLA01");
INSERT INTO seat VALUES("199","B01G1","BPLA01");
INSERT INTO seat VALUES("200","B02G1","BPLA01");
INSERT INTO seat VALUES("201","B03G1","BPLA01");
INSERT INTO seat VALUES("202","B04G1","BPLA01");
INSERT INTO seat VALUES("203","B05G1","BPLA01");
INSERT INTO seat VALUES("204","B06G1","BPLA01");
INSERT INTO seat VALUES("205","B07G1","BPLA01");
INSERT INTO seat VALUES("206","B08G1","BPLA01");
INSERT INTO seat VALUES("207","B09G1","BPLA01");
INSERT INTO seat VALUES("208","B10G1","BPLA01");
INSERT INTO seat VALUES("209","B11G1","BPLA01");
INSERT INTO seat VALUES("210","B12G1","BPLA01");
INSERT INTO seat VALUES("211","B13G1","BPLA01");
INSERT INTO seat VALUES("212","B14G1","BPLA01");
INSERT INTO seat VALUES("213","B15G1","BPLA01");
INSERT INTO seat VALUES("214","C01G1","BPLA01");
INSERT INTO seat VALUES("215","C02G1","BPLA01");
INSERT INTO seat VALUES("216","C03G1","BPLA01");
INSERT INTO seat VALUES("217","C04G1","BPLA01");
INSERT INTO seat VALUES("218","C05G1","BPLA01");
INSERT INTO seat VALUES("219","C06G1","BPLA01");
INSERT INTO seat VALUES("220","C07G1","BPLA01");
INSERT INTO seat VALUES("221","C08G1","BPLA01");
INSERT INTO seat VALUES("222","C09G1","BPLA01");
INSERT INTO seat VALUES("223","C10G1","BPLA01");
INSERT INTO seat VALUES("224","C11G1","BPLA01");
INSERT INTO seat VALUES("225","C12G1","BPLA01");
INSERT INTO seat VALUES("226","C13G1","BPLA01");
INSERT INTO seat VALUES("227","C14G1","BPLA01");
INSERT INTO seat VALUES("228","C15G1","BPLA01");
INSERT INTO seat VALUES("229","D01G1","BPLA01");
INSERT INTO seat VALUES("230","D02G1","BPLA01");
INSERT INTO seat VALUES("231","D03G1","BPLA01");
INSERT INTO seat VALUES("232","D04G1","BPLA01");
INSERT INTO seat VALUES("233","D05G1","BPLA01");
INSERT INTO seat VALUES("234","D06G1","BPLA01");
INSERT INTO seat VALUES("235","D07G1","BPLA01");
INSERT INTO seat VALUES("236","D08G1","BPLA01");
INSERT INTO seat VALUES("237","D09G1","BPLA01");
INSERT INTO seat VALUES("238","D10G1","BPLA01");
INSERT INTO seat VALUES("239","D11G1","BPLA01");
INSERT INTO seat VALUES("240","D12G1","BPLA01");
INSERT INTO seat VALUES("241","D13G1","BPLA01");
INSERT INTO seat VALUES("242","D14G1","BPLA01");
INSERT INTO seat VALUES("243","D15G1","BPLA01");
INSERT INTO seat VALUES("244","A01G1","ENNA01");
INSERT INTO seat VALUES("245","A02G1","ENNA01");
INSERT INTO seat VALUES("246","A03G1","ENNA01");
INSERT INTO seat VALUES("247","A04G1","ENNA01");
INSERT INTO seat VALUES("248","A05G1","ENNA01");
INSERT INTO seat VALUES("249","A06G1","ENNA01");
INSERT INTO seat VALUES("250","A07G1","ENNA01");
INSERT INTO seat VALUES("251","A08G1","ENNA01");
INSERT INTO seat VALUES("252","A09G1","ENNA01");
INSERT INTO seat VALUES("253","A10G1","ENNA01");
INSERT INTO seat VALUES("254","A11G1","ENNA01");
INSERT INTO seat VALUES("255","A12G1","ENNA01");
INSERT INTO seat VALUES("256","A13G1","ENNA01");
INSERT INTO seat VALUES("257","A14G1","ENNA01");
INSERT INTO seat VALUES("258","A15G1","ENNA01");
INSERT INTO seat VALUES("259","B01G1","ENNA01");
INSERT INTO seat VALUES("260","B02G1","ENNA01");
INSERT INTO seat VALUES("261","B03G1","ENNA01");
INSERT INTO seat VALUES("262","B04G1","ENNA01");
INSERT INTO seat VALUES("263","B05G1","ENNA01");
INSERT INTO seat VALUES("264","B06G1","ENNA01");
INSERT INTO seat VALUES("265","B07G1","ENNA01");
INSERT INTO seat VALUES("266","B08G1","ENNA01");
INSERT INTO seat VALUES("267","B09G1","ENNA01");
INSERT INTO seat VALUES("268","B10G1","ENNA01");
INSERT INTO seat VALUES("269","B11G1","ENNA01");
INSERT INTO seat VALUES("270","B12G1","ENNA01");
INSERT INTO seat VALUES("271","B13G1","ENNA01");
INSERT INTO seat VALUES("272","B14G1","ENNA01");
INSERT INTO seat VALUES("273","B15G1","ENNA01");
INSERT INTO seat VALUES("274","C01G1","ENNA01");
INSERT INTO seat VALUES("275","C02G1","ENNA01");
INSERT INTO seat VALUES("276","C03G1","ENNA01");
INSERT INTO seat VALUES("277","C04G1","ENNA01");
INSERT INTO seat VALUES("278","C05G1","ENNA01");
INSERT INTO seat VALUES("279","C06G1","ENNA01");
INSERT INTO seat VALUES("280","C07G1","ENNA01");
INSERT INTO seat VALUES("281","C08G1","ENNA01");
INSERT INTO seat VALUES("282","C09G1","ENNA01");
INSERT INTO seat VALUES("283","C10G1","ENNA01");
INSERT INTO seat VALUES("284","C11G1","ENNA01");
INSERT INTO seat VALUES("285","C12G1","ENNA01");
INSERT INTO seat VALUES("286","C13G1","ENNA01");
INSERT INTO seat VALUES("287","C14G1","ENNA01");
INSERT INTO seat VALUES("288","C15G1","ENNA01");
INSERT INTO seat VALUES("289","D01G1","ENNA01");
INSERT INTO seat VALUES("290","D02G1","ENNA01");
INSERT INTO seat VALUES("291","D03G1","ENNA01");
INSERT INTO seat VALUES("292","D04G1","ENNA01");
INSERT INTO seat VALUES("293","D05G1","ENNA01");
INSERT INTO seat VALUES("294","D06G1","ENNA01");
INSERT INTO seat VALUES("295","D07G1","ENNA01");
INSERT INTO seat VALUES("296","D08G1","ENNA01");
INSERT INTO seat VALUES("297","D09G1","ENNA01");
INSERT INTO seat VALUES("298","D10G1","ENNA01");
INSERT INTO seat VALUES("299","D11G1","ENNA01");
INSERT INTO seat VALUES("300","D12G1","ENNA01");
INSERT INTO seat VALUES("301","D13G1","ENNA01");
INSERT INTO seat VALUES("302","D14G1","ENNA01");
INSERT INTO seat VALUES("303","D15G1","ENNA01");
INSERT INTO seat VALUES("304","A01G1","EPLA01");
INSERT INTO seat VALUES("305","A02G1","EPLA01");
INSERT INTO seat VALUES("306","A03G1","EPLA01");
INSERT INTO seat VALUES("307","A04G1","EPLA01");
INSERT INTO seat VALUES("308","A05G1","EPLA01");
INSERT INTO seat VALUES("309","A06G1","EPLA01");
INSERT INTO seat VALUES("310","A07G1","EPLA01");
INSERT INTO seat VALUES("311","A08G1","EPLA01");
INSERT INTO seat VALUES("312","A09G1","EPLA01");
INSERT INTO seat VALUES("313","A10G1","EPLA01");
INSERT INTO seat VALUES("314","A11G1","EPLA01");
INSERT INTO seat VALUES("315","A12G1","EPLA01");
INSERT INTO seat VALUES("316","A13G1","EPLA01");
INSERT INTO seat VALUES("317","A14G1","EPLA01");
INSERT INTO seat VALUES("318","A15G1","EPLA01");
INSERT INTO seat VALUES("319","B01G1","EPLA01");
INSERT INTO seat VALUES("320","B02G1","EPLA01");
INSERT INTO seat VALUES("321","B03G1","EPLA01");
INSERT INTO seat VALUES("322","B04G1","EPLA01");
INSERT INTO seat VALUES("323","B05G1","EPLA01");
INSERT INTO seat VALUES("324","B06G1","EPLA01");
INSERT INTO seat VALUES("325","B07G1","EPLA01");
INSERT INTO seat VALUES("326","B08G1","EPLA01");
INSERT INTO seat VALUES("327","B09G1","EPLA01");
INSERT INTO seat VALUES("328","B10G1","EPLA01");
INSERT INTO seat VALUES("329","B11G1","EPLA01");
INSERT INTO seat VALUES("330","B12G1","EPLA01");
INSERT INTO seat VALUES("331","B13G1","EPLA01");
INSERT INTO seat VALUES("332","B14G1","EPLA01");
INSERT INTO seat VALUES("333","B15G1","EPLA01");
INSERT INTO seat VALUES("334","C01G1","EPLA01");
INSERT INTO seat VALUES("335","C02G1","EPLA01");
INSERT INTO seat VALUES("336","C03G1","EPLA01");
INSERT INTO seat VALUES("337","C04G1","EPLA01");
INSERT INTO seat VALUES("338","C05G1","EPLA01");
INSERT INTO seat VALUES("339","C06G1","EPLA01");
INSERT INTO seat VALUES("340","C07G1","EPLA01");
INSERT INTO seat VALUES("341","C08G1","EPLA01");
INSERT INTO seat VALUES("342","C09G1","EPLA01");
INSERT INTO seat VALUES("343","C10G1","EPLA01");
INSERT INTO seat VALUES("344","C11G1","EPLA01");
INSERT INTO seat VALUES("345","C12G1","EPLA01");
INSERT INTO seat VALUES("346","C13G1","EPLA01");
INSERT INTO seat VALUES("347","C14G1","EPLA01");
INSERT INTO seat VALUES("348","C15G1","EPLA01");
INSERT INTO seat VALUES("349","D01G1","EPLA01");
INSERT INTO seat VALUES("350","D02G1","EPLA01");
INSERT INTO seat VALUES("351","D03G1","EPLA01");
INSERT INTO seat VALUES("352","D04G1","EPLA01");
INSERT INTO seat VALUES("353","D05G1","EPLA01");
INSERT INTO seat VALUES("354","D06G1","EPLA01");
INSERT INTO seat VALUES("355","D07G1","EPLA01");
INSERT INTO seat VALUES("356","D08G1","EPLA01");
INSERT INTO seat VALUES("357","D09G1","EPLA01");
INSERT INTO seat VALUES("358","D10G1","EPLA01");
INSERT INTO seat VALUES("359","D11G1","EPLA01");
INSERT INTO seat VALUES("360","D12G1","EPLA01");
INSERT INTO seat VALUES("361","D13G1","EPLA01");
INSERT INTO seat VALUES("362","D14G1","EPLA01");
INSERT INTO seat VALUES("363","D15G1","EPLA01");
INSERT INTO seat VALUES("364","A01G1","BTAB01");
INSERT INTO seat VALUES("365","A02G1","BTAB01");
INSERT INTO seat VALUES("366","A03G1","BTAB01");
INSERT INTO seat VALUES("367","A04G1","BTAB01");
INSERT INTO seat VALUES("368","A05G1","BTAB01");
INSERT INTO seat VALUES("369","A06G1","BTAB01");
INSERT INTO seat VALUES("370","A07G1","BTAB01");
INSERT INTO seat VALUES("371","A08G1","BTAB01");
INSERT INTO seat VALUES("372","A09G1","BTAB01");
INSERT INTO seat VALUES("373","A10G1","BTAB01");
INSERT INTO seat VALUES("374","A11G1","BTAB01");
INSERT INTO seat VALUES("375","A12G1","BTAB01");
INSERT INTO seat VALUES("376","A13G1","BTAB01");
INSERT INTO seat VALUES("377","A14G1","BTAB01");
INSERT INTO seat VALUES("378","A15G1","BTAB01");
INSERT INTO seat VALUES("379","B01G1","BTAB01");
INSERT INTO seat VALUES("380","B02G1","BTAB01");
INSERT INTO seat VALUES("381","B03G1","BTAB01");
INSERT INTO seat VALUES("382","B04G1","BTAB01");
INSERT INTO seat VALUES("383","B05G1","BTAB01");
INSERT INTO seat VALUES("384","B06G1","BTAB01");
INSERT INTO seat VALUES("385","B07G1","BTAB01");
INSERT INTO seat VALUES("386","B08G1","BTAB01");
INSERT INTO seat VALUES("387","B09G1","BTAB01");
INSERT INTO seat VALUES("388","B10G1","BTAB01");
INSERT INTO seat VALUES("389","B11G1","BTAB01");
INSERT INTO seat VALUES("390","B12G1","BTAB01");
INSERT INTO seat VALUES("391","B13G1","BTAB01");
INSERT INTO seat VALUES("392","B14G1","BTAB01");
INSERT INTO seat VALUES("393","B15G1","BTAB01");
INSERT INTO seat VALUES("394","C01G1","BTAB01");
INSERT INTO seat VALUES("395","C02G1","BTAB01");
INSERT INTO seat VALUES("396","C03G1","BTAB01");
INSERT INTO seat VALUES("397","C04G1","BTAB01");
INSERT INTO seat VALUES("398","C05G1","BTAB01");
INSERT INTO seat VALUES("399","C06G1","BTAB01");
INSERT INTO seat VALUES("400","C07G1","BTAB01");
INSERT INTO seat VALUES("401","C08G1","BTAB01");
INSERT INTO seat VALUES("402","C09G1","BTAB01");
INSERT INTO seat VALUES("403","C10G1","BTAB01");
INSERT INTO seat VALUES("404","C11G1","BTAB01");
INSERT INTO seat VALUES("405","C12G1","BTAB01");
INSERT INTO seat VALUES("406","C13G1","BTAB01");
INSERT INTO seat VALUES("407","C14G1","BTAB01");
INSERT INTO seat VALUES("408","C15G1","BTAB01");
INSERT INTO seat VALUES("409","D01G1","BTAB01");
INSERT INTO seat VALUES("410","D02G1","BTAB01");
INSERT INTO seat VALUES("411","D03G1","BTAB01");
INSERT INTO seat VALUES("412","D04G1","BTAB01");
INSERT INTO seat VALUES("413","D05G1","BTAB01");
INSERT INTO seat VALUES("414","D06G1","BTAB01");
INSERT INTO seat VALUES("415","D07G1","BTAB01");
INSERT INTO seat VALUES("416","D08G1","BTAB01");
INSERT INTO seat VALUES("417","D09G1","BTAB01");
INSERT INTO seat VALUES("418","D10G1","BTAB01");
INSERT INTO seat VALUES("419","D11G1","BTAB01");
INSERT INTO seat VALUES("420","D12G1","BTAB01");
INSERT INTO seat VALUES("421","D13G1","BTAB01");
INSERT INTO seat VALUES("422","D14G1","BTAB01");
INSERT INTO seat VALUES("423","D15G1","BTAB01");
INSERT INTO seat VALUES("424","A01G1","BTAM01");
INSERT INTO seat VALUES("425","A02G1","BTAM01");
INSERT INTO seat VALUES("426","A03G1","BTAM01");
INSERT INTO seat VALUES("427","A04G1","BTAM01");
INSERT INTO seat VALUES("428","A05G1","BTAM01");
INSERT INTO seat VALUES("429","A06G1","BTAM01");
INSERT INTO seat VALUES("430","A07G1","BTAM01");
INSERT INTO seat VALUES("431","A08G1","BTAM01");
INSERT INTO seat VALUES("432","A09G1","BTAM01");
INSERT INTO seat VALUES("433","A10G1","BTAM01");
INSERT INTO seat VALUES("434","A11G1","BTAM01");
INSERT INTO seat VALUES("435","A12G1","BTAM01");
INSERT INTO seat VALUES("436","A13G1","BTAM01");
INSERT INTO seat VALUES("437","A14G1","BTAM01");
INSERT INTO seat VALUES("438","A15G1","BTAM01");
INSERT INTO seat VALUES("439","B01G1","BTAM01");
INSERT INTO seat VALUES("440","B02G1","BTAM01");
INSERT INTO seat VALUES("441","B03G1","BTAM01");
INSERT INTO seat VALUES("442","B04G1","BTAM01");
INSERT INTO seat VALUES("443","B05G1","BTAM01");
INSERT INTO seat VALUES("444","B06G1","BTAM01");
INSERT INTO seat VALUES("445","B07G1","BTAM01");
INSERT INTO seat VALUES("446","B08G1","BTAM01");
INSERT INTO seat VALUES("447","B09G1","BTAM01");
INSERT INTO seat VALUES("448","B10G1","BTAM01");
INSERT INTO seat VALUES("449","B11G1","BTAM01");
INSERT INTO seat VALUES("450","B12G1","BTAM01");
INSERT INTO seat VALUES("451","B13G1","BTAM01");
INSERT INTO seat VALUES("452","B14G1","BTAM01");
INSERT INTO seat VALUES("453","B15G1","BTAM01");
INSERT INTO seat VALUES("454","C01G1","BTAM01");
INSERT INTO seat VALUES("455","C02G1","BTAM01");
INSERT INTO seat VALUES("456","C03G1","BTAM01");
INSERT INTO seat VALUES("457","C04G1","BTAM01");
INSERT INTO seat VALUES("458","C05G1","BTAM01");
INSERT INTO seat VALUES("459","C06G1","BTAM01");
INSERT INTO seat VALUES("460","C07G1","BTAM01");
INSERT INTO seat VALUES("461","C08G1","BTAM01");
INSERT INTO seat VALUES("462","C09G1","BTAM01");
INSERT INTO seat VALUES("463","C10G1","BTAM01");
INSERT INTO seat VALUES("464","C11G1","BTAM01");
INSERT INTO seat VALUES("465","C12G1","BTAM01");
INSERT INTO seat VALUES("466","C13G1","BTAM01");
INSERT INTO seat VALUES("467","C14G1","BTAM01");
INSERT INTO seat VALUES("468","C15G1","BTAM01");
INSERT INTO seat VALUES("469","D01G1","BTAM01");
INSERT INTO seat VALUES("470","D02G1","BTAM01");
INSERT INTO seat VALUES("471","D03G1","BTAM01");
INSERT INTO seat VALUES("472","D04G1","BTAM01");
INSERT INTO seat VALUES("473","D05G1","BTAM01");
INSERT INTO seat VALUES("474","D06G1","BTAM01");
INSERT INTO seat VALUES("475","D07G1","BTAM01");
INSERT INTO seat VALUES("476","D08G1","BTAM01");
INSERT INTO seat VALUES("477","D09G1","BTAM01");
INSERT INTO seat VALUES("478","D10G1","BTAM01");
INSERT INTO seat VALUES("479","D11G1","BTAM01");
INSERT INTO seat VALUES("480","D12G1","BTAM01");
INSERT INTO seat VALUES("481","D13G1","BTAM01");
INSERT INTO seat VALUES("482","D14G1","BTAM01");
INSERT INTO seat VALUES("483","D15G1","BTAM01");
INSERT INTO seat VALUES("484","A01G1","BTSM01");
INSERT INTO seat VALUES("485","A02G1","BTSM01");
INSERT INTO seat VALUES("486","A03G1","BTSM01");
INSERT INTO seat VALUES("487","A04G1","BTSM01");
INSERT INTO seat VALUES("488","A05G1","BTSM01");
INSERT INTO seat VALUES("489","A06G1","BTSM01");
INSERT INTO seat VALUES("490","A07G1","BTSM01");
INSERT INTO seat VALUES("491","A08G1","BTSM01");
INSERT INTO seat VALUES("492","A09G1","BTSM01");
INSERT INTO seat VALUES("493","A10G1","BTSM01");
INSERT INTO seat VALUES("494","A11G1","BTSM01");
INSERT INTO seat VALUES("495","A12G1","BTSM01");
INSERT INTO seat VALUES("496","A13G1","BTSM01");
INSERT INTO seat VALUES("497","A14G1","BTSM01");
INSERT INTO seat VALUES("498","A15G1","BTSM01");
INSERT INTO seat VALUES("499","B01G1","BTSM01");
INSERT INTO seat VALUES("500","B02G1","BTSM01");
INSERT INTO seat VALUES("501","B03G1","BTSM01");
INSERT INTO seat VALUES("502","B04G1","BTSM01");
INSERT INTO seat VALUES("503","B05G1","BTSM01");
INSERT INTO seat VALUES("504","B06G1","BTSM01");
INSERT INTO seat VALUES("505","B07G1","BTSM01");
INSERT INTO seat VALUES("506","B08G1","BTSM01");
INSERT INTO seat VALUES("507","B09G1","BTSM01");
INSERT INTO seat VALUES("508","B10G1","BTSM01");
INSERT INTO seat VALUES("509","B11G1","BTSM01");
INSERT INTO seat VALUES("510","B12G1","BTSM01");
INSERT INTO seat VALUES("511","B13G1","BTSM01");
INSERT INTO seat VALUES("512","B14G1","BTSM01");
INSERT INTO seat VALUES("513","B15G1","BTSM01");
INSERT INTO seat VALUES("514","C01G1","BTSM01");
INSERT INTO seat VALUES("515","C02G1","BTSM01");
INSERT INTO seat VALUES("516","C03G1","BTSM01");
INSERT INTO seat VALUES("517","C04G1","BTSM01");
INSERT INTO seat VALUES("518","C05G1","BTSM01");
INSERT INTO seat VALUES("519","C06G1","BTSM01");
INSERT INTO seat VALUES("520","C07G1","BTSM01");
INSERT INTO seat VALUES("521","C08G1","BTSM01");
INSERT INTO seat VALUES("522","C09G1","BTSM01");
INSERT INTO seat VALUES("523","C10G1","BTSM01");
INSERT INTO seat VALUES("524","C11G1","BTSM01");
INSERT INTO seat VALUES("525","C12G1","BTSM01");
INSERT INTO seat VALUES("526","C13G1","BTSM01");
INSERT INTO seat VALUES("527","C14G1","BTSM01");
INSERT INTO seat VALUES("528","C15G1","BTSM01");
INSERT INTO seat VALUES("529","D01G1","BTSM01");
INSERT INTO seat VALUES("530","D02G1","BTSM01");
INSERT INTO seat VALUES("531","D03G1","BTSM01");
INSERT INTO seat VALUES("532","D04G1","BTSM01");
INSERT INTO seat VALUES("533","D05G1","BTSM01");
INSERT INTO seat VALUES("534","D06G1","BTSM01");
INSERT INTO seat VALUES("535","D07G1","BTSM01");
INSERT INTO seat VALUES("536","D08G1","BTSM01");
INSERT INTO seat VALUES("537","D09G1","BTSM01");
INSERT INTO seat VALUES("538","D10G1","BTSM01");
INSERT INTO seat VALUES("539","D11G1","BTSM01");
INSERT INTO seat VALUES("540","D12G1","BTSM01");
INSERT INTO seat VALUES("541","D13G1","BTSM01");
INSERT INTO seat VALUES("542","D14G1","BTSM01");
INSERT INTO seat VALUES("543","D15G1","BTSM01");
INSERT INTO seat VALUES("544","A01G1","ETAS01");
INSERT INTO seat VALUES("545","A02G1","ETAS01");
INSERT INTO seat VALUES("546","A03G1","ETAS01");
INSERT INTO seat VALUES("547","A04G1","ETAS01");
INSERT INTO seat VALUES("548","A05G1","ETAS01");
INSERT INTO seat VALUES("549","A06G1","ETAS01");
INSERT INTO seat VALUES("550","A07G1","ETAS01");
INSERT INTO seat VALUES("551","A08G1","ETAS01");
INSERT INTO seat VALUES("552","A09G1","ETAS01");
INSERT INTO seat VALUES("553","A10G1","ETAS01");
INSERT INTO seat VALUES("554","A11G1","ETAS01");
INSERT INTO seat VALUES("555","A12G1","ETAS01");
INSERT INTO seat VALUES("556","A13G1","ETAS01");
INSERT INTO seat VALUES("557","A14G1","ETAS01");
INSERT INTO seat VALUES("558","A15G1","ETAS01");
INSERT INTO seat VALUES("559","B01G1","ETAS01");
INSERT INTO seat VALUES("560","B02G1","ETAS01");
INSERT INTO seat VALUES("561","B03G1","ETAS01");
INSERT INTO seat VALUES("562","B04G1","ETAS01");
INSERT INTO seat VALUES("563","B05G1","ETAS01");
INSERT INTO seat VALUES("564","B06G1","ETAS01");
INSERT INTO seat VALUES("565","B07G1","ETAS01");
INSERT INTO seat VALUES("566","B08G1","ETAS01");
INSERT INTO seat VALUES("567","B09G1","ETAS01");
INSERT INTO seat VALUES("568","B10G1","ETAS01");
INSERT INTO seat VALUES("569","B11G1","ETAS01");
INSERT INTO seat VALUES("570","B12G1","ETAS01");
INSERT INTO seat VALUES("571","B13G1","ETAS01");
INSERT INTO seat VALUES("572","B14G1","ETAS01");
INSERT INTO seat VALUES("573","B15G1","ETAS01");
INSERT INTO seat VALUES("574","C01G1","ETAS01");
INSERT INTO seat VALUES("575","C02G1","ETAS01");
INSERT INTO seat VALUES("576","C03G1","ETAS01");
INSERT INTO seat VALUES("577","C04G1","ETAS01");
INSERT INTO seat VALUES("578","C05G1","ETAS01");
INSERT INTO seat VALUES("579","C06G1","ETAS01");
INSERT INTO seat VALUES("580","C07G1","ETAS01");
INSERT INTO seat VALUES("581","C08G1","ETAS01");
INSERT INTO seat VALUES("582","C09G1","ETAS01");
INSERT INTO seat VALUES("583","C10G1","ETAS01");
INSERT INTO seat VALUES("584","C11G1","ETAS01");
INSERT INTO seat VALUES("585","C12G1","ETAS01");
INSERT INTO seat VALUES("586","C13G1","ETAS01");
INSERT INTO seat VALUES("587","C14G1","ETAS01");
INSERT INTO seat VALUES("588","C15G1","ETAS01");
INSERT INTO seat VALUES("589","D01G1","ETAS01");
INSERT INTO seat VALUES("590","D02G1","ETAS01");
INSERT INTO seat VALUES("591","D03G1","ETAS01");
INSERT INTO seat VALUES("592","D04G1","ETAS01");
INSERT INTO seat VALUES("593","D05G1","ETAS01");
INSERT INTO seat VALUES("594","D06G1","ETAS01");
INSERT INTO seat VALUES("595","D07G1","ETAS01");
INSERT INTO seat VALUES("596","D08G1","ETAS01");
INSERT INTO seat VALUES("597","D09G1","ETAS01");
INSERT INTO seat VALUES("598","D10G1","ETAS01");
INSERT INTO seat VALUES("599","D11G1","ETAS01");
INSERT INTO seat VALUES("600","D12G1","ETAS01");
INSERT INTO seat VALUES("601","D13G1","ETAS01");
INSERT INTO seat VALUES("602","D14G1","ETAS01");
INSERT INTO seat VALUES("603","D15G1","ETAS01");





CREATE TABLE `transportation` (
  `kd_transportation` varchar(6) NOT NULL,
  `nm_trans` varchar(30) NOT NULL,
  `seat_qty` int(3) NOT NULL,
  `kd_tt` varchar(6) NOT NULL,
  `description` varchar(100) DEFAULT NULL,
  PRIMARY KEY (`kd_transportation`),
  KEY `kd_tt` (`kd_tt`),
  CONSTRAINT `transportation_ibfk_1` FOREIGN KEY (`kd_tt`) REFERENCES `transportation_type` (`kd_tt`) ON DELETE CASCADE ON UPDATE CASCADE
) ENGINE=InnoDB DEFAULT CHARSET=latin1;

INSERT INTO transportation VALUES("BPGA01","Garuda","60","BP","Pesawat kelas bisnis");
INSERT INTO transportation VALUES("BPLA01","Lion Air","60","BP","Pesawat kelas bisnis yang nyaman");
INSERT INTO transportation VALUES("BTAB01","Argo Bromo Anggrek","60","BT","Kereta nyaman");
INSERT INTO transportation VALUES("BTAM01","Argo Muria","60","BT","Kereta nyaman");
INSERT INTO transportation VALUES("BTSM01","Sembrani","60","BT","Kereta paling menyenangkan");
INSERT INTO transportation VALUES("ENNA01","Nam Air","60","EP","Pesawat kelas ekonomi yang terjangkau");
INSERT INTO transportation VALUES("EPLA01","Lion Air","60","EP","Pesawat kelas ekonomi yang terjangkau dengan pelayanan yang tak diragukan");
INSERT INTO transportation VALUES("ETAR02","Argo Bromo","60","ET","Kereta kelas ekonomi");
INSERT INTO transportation VALUES("ETAS01","Argo Sindoro","60","ET","Kereta ekonomi");
INSERT INTO transportation VALUES("ETSJ01","Subur Jaya","60","ET","Kereta kelas ekonomi");





CREATE TABLE `transportation_type` (
  `kd_tt` varchar(6) NOT NULL,
  `description` varchar(40) NOT NULL,
  PRIMARY KEY (`kd_tt`)
) ENGINE=InnoDB DEFAULT CHARSET=latin1;

INSERT INTO transportation_type VALUES("BP","Business Plane");
INSERT INTO transportation_type VALUES("BT","Business Train");
INSERT INTO transportation_type VALUES("EP","Economic Plane");
INSERT INTO transportation_type VALUES("ET","Economic Train");





CREATE TABLE `user` (
  `kd_user` varchar(6) NOT NULL,
  `nm_user` varchar(40) NOT NULL,
  `username` varchar(30) NOT NULL,
  `password` varchar(60) NOT NULL,
  `level` enum('SA','AV') NOT NULL,
  PRIMARY KEY (`kd_user`)
) ENGINE=InnoDB DEFAULT CHARSET=latin1;

INSERT INTO user VALUES("U00001","Admin Tae","admin","$2y$10$eaacuEmsVjUDPnuafCrVHOFtCzvWZLTddpPiRirEH8FalN19vGYM6","SA");
INSERT INTO user VALUES("U00002","Lisa B","lisa","$2y$10$fA1wklKBe7yxfIyaIb1XYeycDEM.66ZWRWYp3C4CWloQFc6Yn1/BC","AV");



